,Timestamp,City,Population,Country,Latitude,Longitude,Temperature,Temp_min,Temp_max,Pressure,Humidity,Visibility,Wind_speed,Wind_degree,Rain_1h,Rain_3h,Snow_1h,Snow_3h,Weather_ID,Weather_group,Description,Cloudiness,Sunrise,Sunset,Air_quality_index,CO,NO,NO2,O3,SO2,NH3,PM2_5,PM10
0,2023-12-11 20:00:02,Leeds,455123,GB,53.7965,-1.54785,5.98,4.36,7.56,1004,97,10000,1.54,140.0,0.0,0.0,0.0,0.0,803,Clouds,broken clouds,75,2023-12-11 08:13:31,2023-12-11 15:45:14,2,380.52,66.16,51.41,0.0,20.74,5.26,13.86,15.68
1,2023-12-11 20:30:04,Leeds,455123,GB,53.7965,-1.54785,6.3,4.41,7.31,1004,94,6000,1.54,140.0,0.0,0.0,0.0,0.0,803,Clouds,broken clouds,75,2023-12-11 08:13:31,2023-12-11 15:45:15,2,407.22,78.68,50.04,0.0,21.22,5.19,16.31,18.36
2,2023-12-11 21:00:03,Leeds,455123,GB,53.7965,-1.54785,6.49,4.91,7.16,1004,98,10000,1.54,120.0,0.0,0.0,0.0,0.0,300,Drizzle,light intensity drizzle,75,2023-12-11 08:13:31,2023-12-11 15:45:14,2,407.22,78.68,50.04,0.0,21.22,5.19,16.31,18.36
3,2023-12-11 21:30:03,Leeds,455123,GB,53.7965,-1.54785,6.0,4.61,7.16,1004,97,10000,1.54,90.0,0.0,0.0,0.0,0.0,300,Drizzle,light intensity drizzle,75,2023-12-11 08:13:31,2023-12-11 15:45:14,2,433.92,89.41,48.67,0.0,15.74,3.48,18.66,20.83
4,2023-12-11 22:00:03,Leeds,455123,GB,53.7965,-1.54785,6.24,4.23,7.16,1004,98,3000,1.54,110.0,0.0,0.0,0.0,0.0,300,Drizzle,light intensity drizzle,100,2023-12-11 08:13:31,2023-12-11 15:45:14,2,433.92,89.41,48.67,0.0,15.74,3.48,18.66,20.83
5,2023-12-11 22:30:03,Leeds,455123,GB,53.7965,-1.54785,6.0,4.61,7.16,1004,95,500,1.54,100.0,0.0,0.0,0.0,0.0,741,Fog,fog,75,2023-12-11 08:13:31,2023-12-11 15:45:14,2,440.6,88.51,47.98,0.0,10.13,2.19,19.62,21.46
6,2023-12-11 23:00:03,Leeds,455123,GB,53.7965,-1.54785,6.0,4.61,7.02,1004,93,300,2.06,130.0,0.0,0.0,0.0,0.0,741,Fog,fog,75,2023-12-11 08:13:31,2023-12-11 15:45:14,2,440.6,88.51,47.98,0.0,10.13,2.19,19.62,21.46
7,2023-12-11 23:30:03,Leeds,455123,GB,53.7965,-1.54785,5.77,4.91,6.79,1003,96,400,1.54,90.0,0.0,0.0,0.0,0.0,741,Fog,fog,75,2023-12-11 08:13:31,2023-12-11 15:45:14,2,420.57,71.53,45.93,0.0,5.72,1.46,17.77,18.81
8,2023-12-12 00:00:03,Leeds,455123,GB,53.7965,-1.54785,5.48,4.91,7.35,1003,93,10000,2.0,104.0,0.0,0.0,0.0,0.0,804,Clouds,overcast clouds,87,2023-12-12 08:14:35,2023-12-12 15:45:04,2,420.57,71.53,45.93,0.0,5.72,1.46,17.77,18.81
9,2023-12-12 00:30:03,Leeds,455123,GB,53.7965,-1.54785,5.39,4.36,7.56,1003,93,10000,0.45,85.0,0.0,0.0,0.0,0.0,804,Clouds,overcast clouds,100,2023-12-12 08:14:35,2023-12-12 15:45:04,2,360.49,36.66,47.3,0.0,4.17,1.01,11.98,12.58
10,2023-12-12 01:00:03,Leeds,455123,GB,53.7965,-1.54785,5.26,4.23,7.43,1002,94,10000,2.16,104.0,0.0,0.0,0.0,0.0,804,Clouds,overcast clouds,100,2023-12-12 08:14:37,2023-12-12 15:45:02,2,360.49,36.66,47.3,0.0,4.17,1.01,11.98,12.58
11,2023-12-12 01:30:02,Leeds,455123,GB,53.7965,-1.54785,5.39,4.36,7.56,1001,94,10000,0.45,125.0,0.0,0.0,0.0,0.0,804,Clouds,overcast clouds,100,2023-12-12 08:14:35,2023-12-12 15:45:04,2,330.45,22.58,43.53,0.01,3.16,0.61,9.19,9.84
12,2023-12-12 02:00:02,Leeds,455123,GB,53.7965,-1.54785,5.43,3.8,7.56,1001,94,10000,0.45,131.0,0.0,0.0,0.0,0.0,804,Clouds,overcast clouds,100,2023-12-12 08:14:35,2023-12-12 15:45:04,2,330.45,22.58,43.53,0.01,3.16,0.61,9.19,9.84
13,2023-12-12 02:30:02,Leeds,455123,GB,53.7965,-1.54785,5.52,3.88,7.9,1001,93,10000,2.82,113.0,0.0,0.0,0.0,0.0,501,Rain,moderate rain,100,2023-12-12 08:14:35,2023-12-12 15:45:04,2,310.42,12.85,41.47,0.09,3.16,0.52,8.29,9.19
14,2023-12-12 03:00:02,Leeds,455123,GB,53.7965,-1.54785,5.6,4.91,7.56,1000,93,10000,0.45,125.0,0.0,0.0,0.0,0.0,500,Rain,light rain,100,2023-12-12 08:14:35,2023-12-12 15:45:04,2,310.42,12.85,41.47,0.09,3.16,0.52,8.29,9.19
15,2023-12-12 03:30:02,Leeds,455123,GB,53.7965,-1.54785,5.83,4.88,7.56,1000,93,3090,0.45,79.0,0.0,0.0,0.0,0.0,502,Rain,heavy intensity rain,100,2023-12-12 08:14:35,2023-12-12 15:45:04,1,283.72,2.18,37.01,3.53,2.89,0.4,6.73,7.75
16,2023-12-12 04:00:02,Leeds,455123,GB,53.7965,-1.54785,5.96,5.47,7.01,999,93,3090,0.45,98.0,0.0,0.0,0.0,0.0,502,Rain,heavy intensity rain,100,2023-12-12 08:14:35,2023-12-12 15:45:04,1,283.72,2.18,37.01,3.53,2.89,0.4,6.73,7.75
17,2023-12-12 04:30:02,Leeds,455123,GB,53.7965,-1.54785,6.09,4.88,7.56,999,93,3092,0.45,115.0,0.0,0.0,0.0,0.0,500,Rain,light rain,100,2023-12-12 08:14:35,2023-12-12 15:45:04,1,260.35,0.15,23.99,13.05,2.27,0.31,5.09,5.81
18,2023-12-12 05:00:02,Leeds,455123,GB,53.7965,-1.54785,6.14,5.47,7.56,998,93,275,0.45,102.0,0.0,0.0,0.0,0.0,804,Clouds,overcast clouds,100,2023-12-12 08:14:35,2023-12-12 15:45:04,1,260.35,0.15,23.99,13.05,2.27,0.31,5.09,5.81
19,2023-12-12 05:30:02,Leeds,455123,GB,53.7965,-1.54785,6.12,5.47,7.56,998,96,1300,2.57,100.0,0.0,0.0,0.0,0.0,701,Mist,mist,75,2023-12-12 08:14:35,2023-12-12 15:45:04,1,243.66,0.07,15.94,21.1,2.41,0.27,4.85,5.38
20,2023-12-12 06:00:03,Leeds,455123,GB,53.7965,-1.54785,6.11,5.47,7.35,998,96,900,3.09,100.0,0.0,0.0,0.0,0.0,741,Fog,fog,75,2023-12-12 08:14:35,2023-12-12 15:45:04,1,243.66,0.07,15.94,21.1,2.41,0.27,4.85,5.38
21,2023-12-12 06:30:02,Leeds,455123,GB,53.7965,-1.54785,6.12,5.47,8.12,997,96,400,2.57,100.0,0.0,0.0,0.0,0.0,741,Fog,fog,75,2023-12-12 08:14:35,2023-12-12 15:45:04,1,247.0,0.2,19.88,19.49,3.31,0.31,5.77,6.27
22,2023-12-12 07:00:02,Leeds,455123,GB,53.7965,-1.54785,6.35,5.47,8.67,997,96,250,2.57,110.0,0.0,0.0,0.0,0.0,741,Fog,fog,75,2023-12-12 08:14:35,2023-12-12 15:45:04,1,247.0,0.2,19.88,19.49,3.31,0.31,5.77,6.27
23,2023-12-12 07:30:02,Leeds,455123,GB,53.7965,-1.54785,6.34,5.47,7.9,997,94,250,2.57,90.0,0.0,0.0,0.0,0.0,741,Fog,fog,100,2023-12-12 08:14:35,2023-12-12 15:45:04,1,263.69,1.23,32.22,9.21,4.47,0.4,6.63,7.2
24,2023-12-12 08:00:02,Leeds,455123,GB,53.7965,-1.54785,6.73,5.88,7.9,997,96,250,2.57,110.0,0.0,0.0,0.0,0.0,741,Fog,fog,100,2023-12-12 08:14:35,2023-12-12 15:45:04,1,263.69,1.23,32.22,9.21,4.47,0.4,6.63,7.2
25,2023-12-12 08:30:02,Leeds,455123,GB,53.7965,-1.54785,6.73,5.88,8.67,997,96,200,2.06,110.0,0.0,0.0,0.0,0.0,741,Fog,fog,100,2023-12-12 08:14:35,2023-12-12 15:45:04,1,280.38,10.51,37.36,0.31,5.48,0.65,7.14,7.84
26,2023-12-12 09:00:02,Leeds,455123,GB,53.7965,-1.54785,6.73,5.88,8.12,996,96,250,2.06,110.0,0.0,0.0,0.0,0.0,741,Fog,fog,100,2023-12-12 08:14:35,2023-12-12 15:45:04,1,280.38,10.51,37.36,0.31,5.48,0.65,7.14,7.84
27,2023-12-12 09:30:02,Leeds,455123,GB,53.7965,-1.54785,6.73,5.88,8.67,996,96,100,2.06,110.0,0.0,0.0,0.0,0.0,741,Fog,fog,100,2023-12-12 08:14:35,2023-12-12 15:45:04,1,287.06,13.52,37.01,0.34,6.2,0.67,6.62,7.27
28,2023-12-12 10:00:02,Leeds,455123,GB,53.7965,-1.54785,7.02,6.58,8.67,996,96,100,1.54,110.0,0.0,0.0,0.0,0.0,741,Fog,fog,100,2023-12-12 08:14:35,2023-12-12 15:45:04,1,287.06,13.52,37.01,0.34,6.2,0.67,6.62,7.27
29,2023-12-12 10:30:02,Leeds,455123,GB,53.7965,-1.54785,6.98,6.45,8.54,996,96,100,2.06,100.0,0.0,0.0,0.0,0.0,741,Fog,fog,100,2023-12-12 08:14:39,2023-12-12 15:45:03,1,280.38,10.84,34.96,1.2,6.38,0.63,5.23,5.8
30,2023-12-12 11:00:03,Leeds,455123,GB,53.7965,-1.54785,7.23,6.88,9.07,996,96,250,2.06,100.0,0.0,0.0,0.0,0.0,741,Fog,fog,100,2023-12-12 08:14:35,2023-12-12 15:45:04,1,280.38,10.84,34.96,1.2,6.38,0.63,5.23,5.8
31,2023-12-12 11:30:03,Leeds,455123,GB,53.7965,-1.54785,7.26,6.88,9.08,995,96,200,1.54,100.0,0.0,0.0,0.0,0.0,741,Fog,fog,100,2023-12-12 08:14:35,2023-12-12 15:45:04,1,267.03,6.59,33.24,3.04,6.38,0.59,3.91,4.46
32,2023-12-12 12:00:03,Leeds,455123,GB,53.7965,-1.54785,7.72,6.88,9.08,995,96,150,2.57,100.0,0.0,0.0,0.0,0.0,741,Fog,fog,100,2023-12-12 08:14:35,2023-12-12 15:45:04,1,267.03,6.59,33.24,3.04,6.38,0.59,3.91,4.46
33,2023-12-12 12:30:03,Leeds,455123,GB,53.7965,-1.54785,7.62,6.88,9.08,995,97,250,1.54,90.0,0.0,0.0,0.0,0.0,741,Fog,fog,100,2023-12-12 08:14:35,2023-12-12 15:45:04,1,267.03,6.59,33.24,3.04,6.38,0.59,3.91,4.46
34,2023-12-12 13:00:02,Leeds,455123,GB,53.7965,-1.54785,7.85,6.88,9.64,994,97,250,2.06,70.0,0.0,0.0,0.0,0.0,741,Fog,fog,100,2023-12-12 08:14:35,2023-12-12 15:45:04,1,263.69,3.74,32.9,5.59,6.26,0.55,2.81,3.35
35,2023-12-12 13:30:02,Leeds,455123,GB,53.7965,-1.54785,7.85,6.88,9.64,994,97,250,2.06,40.0,0.0,0.0,0.0,0.0,741,Fog,fog,100,2023-12-12 08:14:35,2023-12-12 15:45:04,1,267.03,3.91,34.96,4.47,6.14,0.57,2.85,3.38
36,2023-12-12 14:00:02,Leeds,455123,GB,53.7965,-1.54785,7.63,7.02,9.64,994,97,100,3.09,40.0,0.0,0.0,0.0,0.0,741,Fog,fog,100,2023-12-12 08:14:35,2023-12-12 15:45:04,1,267.03,3.91,34.96,4.47,6.14,0.57,2.85,3.38
37,2023-12-12 14:30:02,Leeds,455123,GB,53.7965,-1.54785,7.48,6.89,9.5,994,97,50,2.57,60.0,0.0,0.0,0.0,0.0,741,Fog,fog,100,2023-12-12 08:14:39,2023-12-12 15:45:03,1,267.03,4.97,37.36,2.06,5.96,0.63,3.23,3.79
38,2023-12-12 15:00:02,Leeds,455123,GB,53.7965,-1.54785,7.57,7.02,9.08,993,97,50,2.57,50.0,0.0,0.0,0.0,0.0,741,Fog,fog,100,2023-12-12 08:14:35,2023-12-12 15:45:04,1,267.03,4.97,37.36,2.06,5.96,0.63,3.23,3.79
39,2023-12-12 15:30:03,Leeds,455123,GB,53.7965,-1.54785,7.57,7.02,9.08,993,97,50,2.06,40.0,0.0,0.0,0.0,0.0,741,Fog,fog,100,2023-12-12 08:14:35,2023-12-12 15:45:04,1,267.03,6.65,37.01,0.67,5.36,0.7,3.7,4.25
40,2023-12-12 16:00:03,Leeds,455123,GB,53.7965,-1.54785,7.48,7.02,9.07,993,97,50,2.57,40.0,0.0,0.0,0.0,0.0,741,Fog,fog,100,2023-12-12 08:14:35,2023-12-12 15:45:04,1,267.03,6.65,37.01,0.67,5.36,0.7,3.7,4.25
41,2023-12-12 16:30:02,Leeds,455123,GB,53.7965,-1.54785,7.47,6.87,9.06,993,97,50,3.09,30.0,0.0,0.0,0.0,0.0,741,Fog,fog,100,2023-12-12 08:14:37,2023-12-12 15:45:02,1,267.03,6.65,37.01,0.67,5.36,0.7,3.7,4.25
42,2023-12-12 17:00:02,Leeds,455123,GB,53.7965,-1.54785,7.29,6.87,8.53,993,97,50,3.09,30.0,0.0,0.0,0.0,0.0,741,Fog,fog,100,2023-12-12 08:14:37,2023-12-12 15:45:03,1,260.35,8.16,33.93,0.32,4.53,0.75,3.76,4.28
43,2023-12-12 17:30:02,Leeds,455123,GB,53.7965,-1.54785,7.26,6.88,8.53,993,97,50,3.6,10.0,0.0,0.0,0.0,0.0,741,Fog,fog,100,2023-12-12 08:14:35,2023-12-12 15:45:04,1,253.68,8.38,29.13,0.19,3.7,0.78,3.78,4.24
44,2023-12-12 18:00:02,Leeds,455123,GB,53.7965,-1.54785,7.26,6.88,8.53,993,97,50,3.09,10.0,0.0,0.0,0.0,0.0,741,Fog,fog,100,2023-12-12 08:14:35,2023-12-12 15:45:04,1,253.68,8.38,29.13,0.19,3.7,0.78,3.78,4.24
45,2023-12-12 18:30:02,Leeds,455123,GB,53.7965,-1.54785,7.13,6.75,8.4,994,97,150,3.09,20.0,0.0,0.0,0.0,0.0,741,Fog,fog,100,2023-12-12 08:14:37,2023-12-12 15:45:02,1,253.68,8.38,29.13,0.19,3.7,0.78,3.78,4.24
46,2023-12-12 19:00:02,Leeds,455123,GB,53.7965,-1.54785,7.26,6.88,8.53,994,97,150,3.6,20.0,0.0,0.0,0.0,0.0,310,Drizzle,light intensity drizzle rain,100,2023-12-12 08:14:35,2023-12-12 15:45:04,1,257.02,7.1,24.68,0.15,3.22,0.78,4.65,5.04
47,2023-12-12 19:30:02,Leeds,455123,GB,53.7965,-1.54785,7.26,6.88,8.53,994,97,600,3.6,10.0,0.0,0.0,0.0,0.0,310,Drizzle,light intensity drizzle rain,100,2023-12-12 08:14:35,2023-12-12 15:45:04,1,267.03,6.15,24.33,0.12,3.31,0.71,5.99,6.39
48,2023-12-12 20:00:03,Leeds,455123,GB,53.7965,-1.54785,7.26,6.88,7.97,994,97,1200,4.63,10.0,0.0,0.0,0.0,0.0,701,Mist,mist,100,2023-12-12 08:14:35,2023-12-12 15:45:04,1,267.03,6.15,24.33,0.12,3.31,0.71,5.99,6.39
49,2023-12-12 20:30:02,Leeds,455123,GB,53.7965,-1.54785,7.49,6.88,8.02,994,97,2200,4.63,10.0,0.0,0.0,0.0,0.0,701,Mist,mist,75,2023-12-12 08:14:35,2023-12-12 15:45:04,1,297.07,4.64,31.19,0.19,4.41,0.54,8.06,8.52
50,2023-12-12 21:00:03,Leeds,455123,GB,53.7965,-1.54785,7.22,6.88,7.97,994,97,2200,4.12,360.0,0.0,0.0,0.0,0.0,701,Mist,mist,75,2023-12-12 08:14:35,2023-12-12 15:45:04,1,297.07,4.64,31.19,0.19,4.41,0.54,8.06,8.52
51,2023-12-12 21:30:03,Leeds,455123,GB,53.7965,-1.54785,7.45,6.88,8.02,995,97,2200,4.12,350.0,0.0,0.0,0.0,0.0,701,Mist,mist,75,2023-12-12 08:14:35,2023-12-12 15:45:04,1,313.76,2.46,38.73,0.92,5.13,0.38,9.06,9.54
52,2023-12-12 22:00:03,Leeds,455123,GB,53.7965,-1.54785,7.45,6.88,8.02,995,97,2200,4.63,10.0,0.0,0.0,0.0,0.0,701,Mist,mist,75,2023-12-12 08:14:35,2023-12-12 15:45:04,1,313.76,2.46,38.73,0.92,5.13,0.38,9.06,9.54
53,2023-12-12 22:30:04,Leeds,455123,GB,53.7965,-1.54785,7.26,6.88,7.97,995,97,2200,5.66,360.0,0.0,0.0,0.0,0.0,701,Mist,mist,75,2023-12-12 08:14:35,2023-12-12 15:45:04,1,287.06,0.87,33.93,5.23,3.87,0.35,7.53,7.95
54,2023-12-12 23:00:03,Leeds,455123,GB,53.7965,-1.54785,6.82,6.34,7.84,995,97,6000,6.17,360.0,0.0,0.0,0.0,0.0,803,Clouds,broken clouds,75,2023-12-12 08:14:40,2023-12-12 15:45:03,1,287.06,0.87,33.93,5.23,3.87,0.35,7.53,7.95
55,2023-12-12 23:30:04,Leeds,455123,GB,53.7965,-1.54785,6.95,6.47,7.97,996,97,6000,4.63,360.0,0.0,0.0,0.0,0.0,803,Clouds,broken clouds,75,2023-12-12 08:14:35,2023-12-12 15:45:04,1,253.68,0.1,20.91,16.63,2.18,0.34,5.54,5.85
56,2023-12-13 00:00:02,Leeds,455123,GB,53.7965,-1.54785,6.93,6.47,7.96,996,94,10000,0.45,355.0,0.0,0.0,0.0,0.0,804,Clouds,overcast clouds,100,2023-12-13 08:15:37,2023-12-13 15:44:57,1,253.68,0.1,20.91,16.63,2.18,0.34,5.54,5.85
57,2023-12-13 00:30:04,Leeds,455123,GB,53.7965,-1.54785,6.77,6.47,7.42,996,94,10000,0.45,331.0,0.0,0.0,0.0,0.0,804,Clouds,overcast clouds,99,2023-12-13 08:15:37,2023-12-13 15:44:57,1,236.99,0.01,11.48,27.18,1.42,0.4,3.88,4.31
58,2023-12-13 01:00:03,Leeds,455123,GB,53.7965,-1.54785,6.77,6.47,7.42,996,94,10000,1.79,8.0,0.0,0.0,0.0,0.0,804,Clouds,overcast clouds,99,2023-12-13 08:15:37,2023-12-13 15:44:57,1,236.99,0.01,11.48,27.18,1.42,0.4,3.88,4.31
59,2023-12-13 01:30:03,Leeds,455123,GB,53.7965,-1.54785,6.77,6.47,7.42,996,94,10000,0.45,31.0,0.0,0.0,0.0,0.0,804,Clouds,overcast clouds,99,2023-12-13 08:15:37,2023-12-13 15:44:57,1,226.97,0.01,7.11,32.19,1.22,0.52,2.17,2.8
60,2023-12-13 02:00:04,Leeds,455123,GB,53.7965,-1.54785,6.72,6.45,7.42,996,94,10000,0.89,284.0,0.0,0.0,0.0,0.0,804,Clouds,overcast clouds,99,2023-12-13 08:15:37,2023-12-13 15:44:57,1,226.97,0.01,7.11,32.19,1.22,0.52,2.17,2.8
61,2023-12-13 02:30:03,Leeds,455123,GB,53.7965,-1.54785,6.77,6.45,7.96,997,94,10000,2.24,35.0,0.0,0.0,0.0,0.0,804,Clouds,overcast clouds,99,2023-12-13 08:15:37,2023-12-13 15:44:57,1,223.64,0.01,6.08,31.47,1.24,0.55,1.34,1.86
62,2023-12-13 03:00:03,Leeds,455123,GB,53.7965,-1.54785,6.9,6.47,7.6,997,93,10000,2.68,57.0,0.0,0.0,0.0,0.0,804,Clouds,overcast clouds,100,2023-12-13 08:15:37,2023-12-13 15:44:57,1,223.64,0.01,6.08,31.47,1.24,0.55,1.34,1.86
63,2023-12-13 03:30:02,Leeds,455123,GB,53.7965,-1.54785,6.75,6.03,7.6,997,93,10000,4.47,42.0,0.0,0.0,0.0,0.0,804,Clouds,overcast clouds,100,2023-12-13 08:15:37,2023-12-13 15:44:57,1,230.31,0.01,7.03,28.61,1.25,0.48,1.09,1.5
64,2023-12-13 04:00:02,Leeds,455123,GB,53.7965,-1.54785,6.74,5.88,7.6,998,93,10000,4.47,26.0,0.0,0.0,0.0,0.0,804,Clouds,overcast clouds,100,2023-12-13 08:15:37,2023-12-13 15:44:57,1,230.31,0.01,7.03,28.61,1.25,0.48,1.09,1.5
65,2023-12-13 05:00:06,Leeds,455123,GB,53.7965,-1.54785,6.27,5.92,7.46,1000,91,10000,3.13,360.0,0.0,0.0,0.0,0.0,804,Clouds,overcast clouds,100,2023-12-13 08:15:37,2023-12-13 15:44:57,1,236.99,0.01,7.8,29.33,1.3,0.43,1.33,1.98
66,2023-12-13 05:30:02,Leeds,455123,GB,53.7965,-1.54785,6.11,5.47,6.85,1000,91,8000,7.72,20.0,0.0,0.0,0.0,0.0,802,Clouds,scattered clouds,40,2023-12-13 08:15:37,2023-12-13 15:44:57,1,243.66,0.01,7.2,32.9,1.42,0.4,1.71,2.59
67,2023-12-13 06:00:02,Leeds,455123,GB,53.7965,-1.54785,6.15,5.88,6.85,1001,91,10000,5.14,10.0,0.0,0.0,0.0,0.0,802,Clouds,scattered clouds,40,2023-12-13 08:15:37,2023-12-13 15:44:57,1,243.66,0.01,7.2,32.9,1.42,0.4,1.71,2.59
68,2023-12-13 06:30:02,Leeds,455123,GB,53.7965,-1.54785,6.14,5.75,6.85,1001,91,10000,5.66,10.0,0.0,0.0,0.0,0.0,803,Clouds,broken clouds,75,2023-12-13 08:15:37,2023-12-13 15:44:57,1,280.38,0.05,11.65,23.96,1.7,0.36,1.52,2.45
69,2023-12-13 07:00:02,Leeds,455123,GB,53.7965,-1.54785,6.07,5.47,6.85,1002,90,10000,7.2,10.0,0.0,0.0,0.0,0.0,803,Clouds,broken clouds,75,2023-12-13 08:15:37,2023-12-13 15:44:57,1,280.38,0.05,11.65,23.96,1.7,0.36,1.52,2.45
70,2023-12-13 07:30:02,Leeds,455123,GB,53.7965,-1.54785,5.93,5.4,6.41,1002,90,10000,7.2,360.0,0.0,0.0,0.0,0.0,803,Clouds,broken clouds,75,2023-12-13 08:15:38,2023-12-13 15:44:55,1,290.39,0.09,11.65,23.25,1.67,0.31,0.96,1.49
71,2023-12-13 08:00:02,Leeds,455123,GB,53.7965,-1.54785,5.88,5.34,6.36,1003,89,10000,7.2,360.0,0.0,0.0,0.0,0.0,803,Clouds,broken clouds,75,2023-12-13 08:15:39,2023-12-13 15:44:55,1,290.39,0.09,11.65,23.25,1.67,0.31,0.96,1.49
72,2023-12-13 08:30:02,Leeds,455123,GB,53.7965,-1.54785,6.02,5.19,6.85,1004,89,10000,7.2,360.0,0.0,0.0,0.0,0.0,803,Clouds,broken clouds,75,2023-12-13 08:15:37,2023-12-13 15:44:57,1,287.06,0.03,8.31,33.98,1.48,0.27,0.77,1.15
73,2023-12-13 09:00:02,Leeds,455123,GB,53.7965,-1.54785,5.83,5.19,6.84,1004,89,10000,6.17,360.0,0.0,0.0,0.0,0.0,803,Clouds,broken clouds,75,2023-12-13 08:15:39,2023-12-13 15:44:56,1,287.06,0.03,8.31,33.98,1.48,0.27,0.77,1.15
74,2023-12-13 09:30:02,Leeds,455123,GB,53.7965,-1.54785,5.77,4.64,6.49,1005,86,10000,6.17,360.0,0.0,0.0,0.0,0.0,300,Drizzle,light intensity drizzle,75,2023-12-13 08:15:37,2023-12-13 15:44:57,1,280.38,0.05,7.2,37.19,1.49,0.25,0.63,0.93
75,2023-12-13 10:00:02,Leeds,455123,GB,53.7965,-1.54785,5.77,4.88,6.49,1006,86,10000,6.17,10.0,0.0,0.0,0.0,0.0,300,Drizzle,light intensity drizzle,75,2023-12-13 08:15:37,2023-12-13 15:44:57,1,280.38,0.05,7.2,37.19,1.49,0.25,0.63,0.93
76,2023-12-13 10:30:02,Leeds,455123,GB,53.7965,-1.54785,5.56,5.02,6.85,1006,87,10000,7.72,360.0,0.0,0.0,0.0,0.0,802,Clouds,scattered clouds,40,2023-12-13 08:15:37,2023-12-13 15:44:57,1,273.71,0.09,6.08,41.84,1.37,0.23,0.5,0.74
77,2023-12-13 11:00:02,Leeds,455123,GB,53.7965,-1.54785,5.92,5.19,6.3,1007,85,10000,6.69,360.0,0.0,0.0,0.0,0.0,802,Clouds,scattered clouds,40,2023-12-13 08:15:37,2023-12-13 15:44:57,1,273.71,0.09,6.08,41.84,1.37,0.23,0.5,0.74
78,2023-12-13 11:30:02,Leeds,455123,GB,53.7965,-1.54785,5.97,5.47,6.6,1007,85,10000,6.69,360.0,0.0,0.0,0.0,0.0,802,Clouds,scattered clouds,40,2023-12-13 08:15:37,2023-12-13 15:44:57,1,267.03,0.1,5.36,47.21,1.33,0.23,0.5,0.73
79,2023-12-13 12:00:02,Leeds,455123,GB,53.7965,-1.54785,6.31,5.75,6.6,1008,83,10000,6.17,10.0,0.0,0.0,0.0,0.0,802,Clouds,scattered clouds,40,2023-12-13 08:15:37,2023-12-13 15:44:57,1,267.03,0.1,5.36,47.21,1.33,0.23,0.5,0.73
80,2023-12-13 12:30:02,Leeds,455123,GB,53.7965,-1.54785,6.14,5.62,6.72,1008,78,10000,6.17,360.0,0.0,0.0,0.0,0.0,802,Clouds,scattered clouds,40,2023-12-13 08:15:41,2023-12-13 15:44:56,1,267.03,0.1,5.36,47.21,1.33,0.23,0.5,0.73
81,2023-12-13 13:00:02,Leeds,455123,GB,53.7965,-1.54785,6.07,5.87,6.84,1009,81,10000,7.2,10.0,0.0,0.0,0.0,0.0,802,Clouds,scattered clouds,40,2023-12-13 08:15:39,2023-12-13 15:44:56,1,263.69,0.14,5.23,51.5,1.36,0.24,0.5,0.77
82,2023-12-13 13:30:02,Leeds,455123,GB,53.7965,-1.54785,6.17,5.89,6.88,1009,78,10000,6.17,360.0,0.0,0.0,0.0,0.0,802,Clouds,scattered clouds,40,2023-12-13 08:15:37,2023-12-13 15:44:57,1,263.69,0.21,5.74,52.21,1.52,0.27,0.52,0.84
83,2023-12-13 14:00:02,Leeds,455123,GB,53.7965,-1.54785,6.12,5.89,6.85,1009,78,10000,6.17,350.0,0.0,0.0,0.0,0.0,802,Clouds,scattered clouds,40,2023-12-13 08:15:37,2023-12-13 15:44:57,1,263.69,0.21,5.74,52.21,1.52,0.27,0.52,0.84
84,2023-12-13 14:30:02,Leeds,455123,GB,53.7965,-1.54785,6.01,5.47,6.85,1010,78,10000,6.17,360.0,0.0,0.0,0.0,0.0,802,Clouds,scattered clouds,40,2023-12-13 08:15:37,2023-12-13 15:44:57,1,267.03,0.13,6.51,51.5,1.64,0.28,0.57,0.91
85,2023-12-13 15:00:02,Leeds,455123,GB,53.7965,-1.54785,5.77,4.88,6.49,1010,77,10000,4.63,360.0,0.0,0.0,0.0,0.0,802,Clouds,scattered clouds,40,2023-12-13 08:15:37,2023-12-13 15:44:57,1,267.03,0.13,6.51,51.5,1.64,0.28,0.57,0.91
86,2023-12-13 15:30:02,Leeds,455123,GB,53.7965,-1.54785,5.11,4.36,6.3,1011,82,10000,5.14,350.0,0.0,0.0,0.0,0.0,802,Clouds,scattered clouds,40,2023-12-13 08:15:37,2023-12-13 15:44:57,1,267.03,0.02,8.31,49.35,1.89,0.38,0.69,1.06
87,2023-12-13 16:00:02,Leeds,455123,GB,53.7965,-1.54785,4.97,4.23,5.72,1011,83,10000,4.63,340.0,0.0,0.0,0.0,0.0,802,Clouds,scattered clouds,40,2023-12-13 08:15:37,2023-12-13 15:44:57,1,267.03,0.02,8.31,49.35,1.89,0.38,0.69,1.06
88,2023-12-13 16:30:02,Leeds,455123,GB,53.7965,-1.54785,4.37,3.67,5.74,1012,84,10000,4.12,350.0,0.0,0.0,0.0,0.0,801,Clouds,few clouds,20,2023-12-13 08:15:37,2023-12-13 15:44:57,1,270.37,0.01,11.14,45.42,2.15,0.53,0.85,1.32
89,2023-12-13 17:00:02,Leeds,455123,GB,53.7965,-1.54785,4.21,3.12,5.74,1012,84,10000,4.63,340.0,0.0,0.0,0.0,0.0,802,Clouds,scattered clouds,40,2023-12-13 08:15:37,2023-12-13 15:44:57,1,270.37,0.01,11.14,45.42,2.15,0.53,0.85,1.32
90,2023-12-13 17:30:02,Leeds,455123,GB,53.7965,-1.54785,3.77,3.12,5.18,1013,85,10000,4.63,330.0,0.0,0.0,0.0,0.0,802,Clouds,scattered clouds,40,2023-12-13 08:15:37,2023-12-13 15:44:57,1,273.71,0.02,13.71,42.92,2.38,0.6,1.01,1.59
91,2023-12-13 18:00:02,Leeds,455123,GB,53.7965,-1.54785,3.77,2.58,5.18,1013,86,10000,5.14,340.0,0.0,0.0,0.0,0.0,802,Clouds,scattered clouds,40,2023-12-13 08:15:37,2023-12-13 15:44:57,1,273.71,0.02,13.71,42.92,2.38,0.6,1.01,1.59
92,2023-12-13 18:30:02,Leeds,455123,GB,53.7965,-1.54785,3.59,2.56,5.18,1013,86,10000,5.66,340.0,0.0,0.0,0.0,0.0,801,Clouds,few clouds,20,2023-12-13 08:15:37,2023-12-13 15:44:57,1,280.38,0.07,19.36,36.84,2.83,0.67,1.51,2.2
93,2023-12-13 19:00:02,Leeds,455123,GB,53.7965,-1.54785,3.37,2.56,4.63,1014,87,10000,5.14,340.0,0.0,0.0,0.0,0.0,802,Clouds,scattered clouds,40,2023-12-13 08:15:37,2023-12-13 15:44:57,1,280.38,0.07,19.36,36.84,2.83,0.67,1.51,2.2
94,2023-12-13 19:30:02,Leeds,455123,GB,53.7965,-1.54785,2.86,2.01,4.07,1014,89,10000,5.14,330.0,0.0,0.0,0.0,0.0,802,Clouds,scattered clouds,40,2023-12-13 08:15:37,2023-12-13 15:44:57,1,280.38,0.07,19.36,36.84,2.83,0.67,1.51,2.2
95,2023-12-13 20:00:02,Leeds,455123,GB,53.7965,-1.54785,2.69,2.03,3.88,1015,87,10000,3.09,310.0,0.0,0.0,0.0,0.0,802,Clouds,scattered clouds,40,2023-12-13 08:15:37,2023-12-13 15:44:57,1,293.73,0.28,28.1,25.75,3.64,0.78,2.57,3.41
96,2023-12-13 20:30:02,Leeds,455123,GB,53.7965,-1.54785,2.17,0.89,3.52,1015,88,10000,3.09,330.0,0.0,0.0,0.0,0.0,801,Clouds,few clouds,20,2023-12-13 08:15:37,2023-12-13 15:44:57,1,307.08,0.64,33.93,17.52,4.47,0.96,3.7,4.7
97,2023-12-13 21:00:02,Leeds,455123,GB,53.7965,-1.54785,1.99,0.89,3.52,1015,91,10000,3.6,270.0,0.0,0.0,0.0,0.0,801,Clouds,few clouds,20,2023-12-13 08:15:37,2023-12-13 15:44:57,1,307.08,0.64,33.93,17.52,4.47,0.96,3.7,4.7
98,2023-12-13 21:30:02,Leeds,455123,GB,53.7965,-1.54785,1.58,0.34,3.52,1015,89,10000,3.09,300.0,0.0,0.0,0.0,0.0,802,Clouds,scattered clouds,40,2023-12-13 08:15:37,2023-12-13 15:44:57,2,327.11,2.43,40.78,7.42,6.02,1.49,5.28,6.47
99,2023-12-13 22:00:02,Leeds,455123,GB,53.7965,-1.54785,2.15,1.88,2.96,1015,87,10000,2.57,280.0,0.0,0.0,0.0,0.0,801,Clouds,few clouds,20,2023-12-13 08:15:37,2023-12-13 15:44:57,2,327.11,2.43,40.78,7.42,6.02,1.49,5.28,6.47
100,2023-12-13 22:30:02,Leeds,455123,GB,53.7965,-1.54785,1.44,-0.12,2.96,1015,88,10000,3.09,280.0,0.0,0.0,0.0,0.0,800,Clear,clear sky,0,2023-12-13 08:15:37,2023-12-13 15:44:57,2,350.48,7.15,43.18,0.96,9.66,4.05,6.87,8.16
101,2023-12-13 23:00:02,Leeds,455123,GB,53.7965,-1.54785,1.17,0.75,2.83,1015,88,10000,3.09,280.0,0.0,0.0,0.0,0.0,800,Clear,clear sky,0,2023-12-13 08:15:40,2023-12-13 15:44:55,2,350.48,7.15,43.18,0.96,9.66,4.05,6.87,8.16
102,2023-12-13 23:30:02,Leeds,455123,GB,53.7965,-1.54785,1.43,-0.22,2.96,1016,83,10000,1.46,275.0,0.0,0.0,0.0,0.0,802,Clouds,scattered clouds,27,2023-12-13 08:15:37,2023-12-13 15:44:57,2,350.48,8.27,40.78,0.19,9.66,5.76,7.13,8.32
103,2023-12-14 00:00:02,Leeds,455123,GB,53.7965,-1.54785,1.14,-0.22,2.42,1016,83,10000,1.43,248.0,0.0,0.0,0.0,0.0,802,Clouds,scattered clouds,31,2023-12-13 08:15:37,2023-12-13 15:44:57,2,350.48,8.27,40.78,0.19,9.66,5.76,7.13,8.32
104,2023-12-14 00:30:02,Leeds,455123,GB,53.7965,-1.54785,1.22,-0.22,2.42,1016,83,10000,1.67,236.0,0.0,0.0,0.0,0.0,804,Clouds,overcast clouds,100,2023-12-14 08:16:35,2023-12-14 15:44:54,1,333.79,4.97,36.67,0.56,7.63,5.51,6.4,7.39
105,2023-12-14 01:00:02,Leeds,455123,GB,53.7965,-1.54785,0.85,0.38,2.97,1016,84,10000,1.67,236.0,0.0,0.0,0.0,0.0,804,Clouds,overcast clouds,100,2023-12-14 08:16:35,2023-12-14 15:44:54,1,333.79,4.97,36.67,0.56,7.63,5.51,6.4,7.39
106,2023-12-14 01:30:02,Leeds,455123,GB,53.7965,-1.54785,0.77,0.25,2.84,1016,84,10000,1.69,236.0,0.0,0.0,0.0,0.0,804,Clouds,overcast clouds,100,2023-12-14 08:16:39,2023-12-14 15:44:53,1,323.77,2.15,34.96,1.86,4.77,2.72,5.97,6.86
107,2023-12-14 02:00:02,Leeds,455123,GB,53.7965,-1.54785,1.05,0.34,2.42,1016,84,10000,1.75,226.0,0.0,0.0,0.0,0.0,804,Clouds,overcast clouds,100,2023-12-14 08:16:35,2023-12-14 15:44:54,1,323.77,2.15,34.96,1.86,4.77,2.72,5.97,6.86
108,2023-12-14 02:30:03,Leeds,455123,GB,53.7965,-1.54785,0.92,0.38,2.42,1016,84,10000,1.75,226.0,0.0,0.0,0.0,0.0,804,Clouds,overcast clouds,100,2023-12-14 08:16:35,2023-12-14 15:44:54,1,327.11,1.09,38.04,3.49,3.64,0.92,6.42,7.33
109,2023-12-14 03:00:02,Leeds,455123,GB,53.7965,-1.54785,1.38,0.93,2.42,1016,85,10000,1.96,219.0,0.0,0.0,0.0,0.0,804,Clouds,overcast clouds,100,2023-12-14 08:16:35,2023-12-14 15:44:54,1,327.11,1.09,38.04,3.49,3.64,0.92,6.42,7.33
110,2023-12-14 03:30:02,Leeds,455123,GB,53.7965,-1.54785,1.72,-0.12,3.53,1016,85,10000,2.0,198.0,0.0,0.0,0.0,0.0,601,Snow,snow,100,2023-12-14 08:16:35,2023-12-14 15:44:54,1,303.75,0.04,27.76,25.39,9.3,0.28,5.94,6.91
111,2023-12-14 04:00:02,Leeds,455123,GB,53.7965,-1.54785,1.79,1.49,3.53,1016,85,10000,2.04,195.0,0.0,0.0,0.0,0.0,601,Snow,snow,100,2023-12-14 08:16:35,2023-12-14 15:44:54,1,303.75,0.04,27.76,25.39,9.3,0.28,5.94,6.91
112,2023-12-14 04:30:02,Leeds,455123,GB,53.7965,-1.54785,1.59,0.92,3.53,1016,91,10000,2.0,198.0,0.0,0.0,0.0,0.0,601,Snow,snow,100,2023-12-14 08:16:35,2023-12-14 15:44:54,1,290.39,0.01,21.94,35.05,7.75,0.26,5.22,5.92
113,2023-12-14 05:00:02,Leeds,455123,GB,53.7965,-1.54785,1.87,0.88,3.52,1016,92,10000,0.45,206.0,0.0,0.0,0.0,0.0,500,Rain,light rain,100,2023-12-14 08:16:35,2023-12-14 15:44:54,1,290.39,0.01,21.94,35.05,7.75,0.26,5.22,5.92
114,2023-12-14 05:30:02,Leeds,455123,GB,53.7965,-1.54785,2.23,0.75,3.94,1015,92,10000,3.6,230.0,0.0,0.0,0.0,0.0,803,Clouds,broken clouds,75,2023-12-14 08:16:37,2023-12-14 15:44:52,1,273.71,0.0,14.74,45.78,4.17,0.33,3.02,3.49
115,2023-12-14 06:00:02,Leeds,455123,GB,53.7965,-1.54785,2.53,0.88,4.08,1015,92,10000,4.63,220.0,0.0,0.0,0.0,0.0,803,Clouds,broken clouds,75,2023-12-14 08:16:35,2023-12-14 15:44:54,1,273.71,0.0,14.74,45.78,4.17,0.33,3.02,3.49
116,2023-12-14 06:30:02,Leeds,455123,GB,53.7965,-1.54785,3.07,2.04,4.63,1016,89,10000,4.63,220.0,0.0,0.0,0.0,0.0,803,Clouds,broken clouds,75,2023-12-14 08:16:35,2023-12-14 15:44:54,1,267.03,0.01,13.2,47.21,3.61,0.4,1.57,1.94
117,2023-12-14 07:00:02,Leeds,455123,GB,53.7965,-1.54785,3.28,1.88,4.63,1016,89,10000,4.63,210.0,0.0,0.0,0.0,0.0,802,Clouds,scattered clouds,40,2023-12-14 08:16:35,2023-12-14 15:44:54,1,267.03,0.01,13.2,47.21,3.61,0.4,1.57,1.94
118,2023-12-14 07:30:02,Leeds,455123,GB,53.7965,-1.54785,3.39,1.88,4.63,1015,91,10000,3.6,200.0,0.0,0.0,0.0,0.0,802,Clouds,scattered clouds,40,2023-12-14 08:16:35,2023-12-14 15:44:54,1,273.71,0.03,16.79,38.98,4.17,0.44,1.44,1.81
119,2023-12-14 08:00:02,Leeds,455123,GB,53.7965,-1.54785,3.43,2.99,4.5,1016,92,10000,3.09,170.0,0.0,0.0,0.0,0.0,802,Clouds,scattered clouds,40,2023-12-14 08:16:37,2023-12-14 15:44:52,1,273.71,0.03,16.79,38.98,4.17,0.44,1.44,1.81
120,2023-12-14 08:30:02,Leeds,455123,GB,53.7965,-1.54785,3.6,2.88,4.93,1016,92,10000,3.6,210.0,0.0,0.0,0.0,0.0,803,Clouds,broken clouds,75,2023-12-14 08:16:35,2023-12-14 15:44:54,1,273.71,0.04,19.88,37.55,5.36,0.46,1.65,2.08
121,2023-12-14 09:00:02,Leeds,455123,GB,53.7965,-1.54785,3.97,2.88,5.02,1015,95,10000,5.66,220.0,0.0,0.0,0.0,0.0,300,Drizzle,light intensity drizzle,75,2023-12-14 08:16:35,2023-12-14 15:44:54,1,273.71,0.04,19.88,37.55,5.36,0.46,1.65,2.08
122,2023-12-14 09:30:03,Leeds,455123,GB,53.7965,-1.54785,4.43,2.88,5.49,1016,95,10000,5.66,220.0,0.0,0.0,0.0,0.0,300,Drizzle,light intensity drizzle,75,2023-12-14 08:16:35,2023-12-14 15:44:54,1,277.04,0.16,22.28,32.19,6.32,0.46,1.9,2.35
123,2023-12-14 10:00:03,Leeds,455123,GB,53.7965,-1.54785,5.28,4.26,6.02,1016,93,10000,4.63,220.0,0.0,0.0,0.0,0.0,300,Drizzle,light intensity drizzle,75,2023-12-14 08:16:35,2023-12-14 15:44:54,1,277.04,0.16,22.28,32.19,6.32,0.46,1.9,2.35
124,2023-12-14 10:30:03,Leeds,455123,GB,53.7965,-1.54785,5.68,4.78,6.3,1017,92,10000,3.09,220.0,0.0,0.0,0.0,0.0,803,Clouds,broken clouds,75,2023-12-14 08:16:35,2023-12-14 15:44:54,1,277.04,0.53,26.05,27.18,6.91,0.48,2.31,2.85
125,2023-12-14 11:00:03,Leeds,455123,GB,53.7965,-1.54785,6.01,5.19,6.85,1017,94,10000,3.09,240.0,0.0,0.0,0.0,0.0,803,Clouds,broken clouds,75,2023-12-14 08:16:35,2023-12-14 15:44:54,1,277.04,0.53,26.05,27.18,6.91,0.48,2.31,2.85
126,2023-12-14 11:30:03,Leeds,455123,GB,53.7965,-1.54785,6.76,5.75,7.71,1017,94,10000,2.06,250.0,0.0,0.0,0.0,0.0,802,Clouds,scattered clouds,40,2023-12-14 08:16:35,2023-12-14 15:44:54,1,270.37,0.69,26.39,28.25,6.02,0.5,2.5,3.16
127,2023-12-14 12:00:03,Leeds,455123,GB,53.7965,-1.54785,7.07,5.75,8.27,1017,91,10000,2.57,240.0,0.0,0.0,0.0,0.0,803,Clouds,broken clouds,75,2023-12-14 08:16:36,2023-12-14 15:44:54,1,270.37,0.69,26.39,28.25,6.02,0.5,2.5,3.16
128,2023-12-14 12:30:03,Leeds,455123,GB,53.7965,-1.54785,7.43,6.78,8.75,1017,93,10000,1.03,0.0,0.0,0.0,0.0,0.0,803,Clouds,broken clouds,75,2023-12-14 08:16:36,2023-12-14 15:44:52,1,250.34,0.48,15.42,44.35,3.52,0.52,1.83,2.52
129,2023-12-14 13:00:03,Leeds,455123,GB,53.7965,-1.54785,8.06,6.31,9.38,1018,90,10000,2.06,260.0,0.0,0.0,0.0,0.0,802,Clouds,scattered clouds,40,2023-12-14 08:16:35,2023-12-14 15:44:54,1,250.34,0.48,15.42,44.35,3.52,0.52,1.83,2.52
130,2023-12-14 13:30:03,Leeds,455123,GB,53.7965,-1.54785,8.46,5.8,9.43,1018,88,10000,3.6,260.0,0.0,0.0,0.0,0.0,803,Clouds,broken clouds,75,2023-12-14 08:16:36,2023-12-14 15:44:55,1,236.99,0.43,9.34,54.36,2.65,0.52,1.49,2.27
131,2023-12-14 14:00:02,Leeds,455123,GB,53.7965,-1.54785,8.55,6.88,9.38,1018,88,10000,4.63,270.0,0.0,0.0,0.0,0.0,803,Clouds,broken clouds,75,2023-12-14 08:16:35,2023-12-14 15:44:54,1,236.99,0.43,9.34,54.36,2.65,0.52,1.49,2.27
132,2023-12-14 14:30:02,Leeds,455123,GB,53.7965,-1.54785,8.84,6.91,9.43,1019,86,10000,5.66,270.0,0.0,0.0,0.0,0.0,802,Clouds,scattered clouds,40,2023-12-14 08:16:36,2023-12-14 15:44:55,1,240.33,0.23,8.91,56.51,2.56,0.5,1.72,3.19
133,2023-12-14 15:00:03,Leeds,455123,GB,53.7965,-1.54785,8.66,6.75,9.25,1019,82,10000,6.17,290.0,0.0,0.0,0.0,0.0,802,Clouds,scattered clouds,40,2023-12-14 08:16:37,2023-12-14 15:44:52,1,240.33,0.23,8.91,56.51,2.56,0.5,1.72,3.19
134,2023-12-14 15:30:03,Leeds,455123,GB,53.7965,-1.54785,8.47,7.56,9.07,1020,83,10000,5.66,280.0,0.0,0.0,0.0,0.0,802,Clouds,scattered clouds,40,2023-12-14 08:16:35,2023-12-14 15:44:54,1,247.0,0.02,10.71,52.93,2.65,0.5,2.08,4.9
135,2023-12-14 16:00:03,Leeds,455123,GB,53.7965,-1.54785,7.69,7.03,8.82,1020,83,10000,5.14,280.0,0.0,0.0,0.0,0.0,802,Clouds,scattered clouds,40,2023-12-14 08:16:35,2023-12-14 15:44:54,1,247.0,0.02,10.71,52.93,2.65,0.5,2.08,4.9
136,2023-12-14 16:30:03,Leeds,455123,GB,53.7965,-1.54785,7.3,6.47,8.52,1021,83,10000,2.57,280.0,0.0,0.0,0.0,0.0,802,Clouds,scattered clouds,40,2023-12-14 08:16:35,2023-12-14 15:44:54,1,253.68,0.01,15.08,45.42,2.95,0.56,2.47,6.9
137,2023-12-14 17:00:04,Leeds,455123,GB,53.7965,-1.54785,6.6,5.92,8.52,1021,84,10000,2.06,270.0,0.0,0.0,0.0,0.0,802,Clouds,scattered clouds,40,2023-12-14 08:16:35,2023-12-14 15:44:54,1,253.68,0.01,15.08,45.42,2.95,0.56,2.47,6.9
138,2023-12-14 17:30:02,Leeds,455123,GB,53.7965,-1.54785,6.61,5.47,8.02,1022,83,10000,2.57,280.0,0.0,0.0,0.0,0.0,802,Clouds,scattered clouds,40,2023-12-14 08:16:35,2023-12-14 15:44:54,1,260.35,0.03,18.85,39.34,3.19,0.59,2.84,8.9
139,2023-12-14 18:00:02,Leeds,455123,GB,53.7965,-1.54785,6.87,5.97,8.32,1022,83,10000,1.54,280.0,0.0,0.0,0.0,0.0,802,Clouds,scattered clouds,40,2023-12-14 08:16:35,2023-12-14 15:44:54,1,260.35,0.03,18.85,39.34,3.19,0.59,2.84,8.9
140,2023-12-14 18:30:02,Leeds,455123,GB,53.7965,-1.54785,6.65,5.92,8.02,1023,83,10000,1.03,0.0,0.0,0.0,0.0,0.0,802,Clouds,scattered clouds,40,2023-12-14 08:16:35,2023-12-14 15:44:54,1,267.03,0.04,20.39,36.84,3.58,0.61,3.12,10.06
141,2023-12-14 19:00:03,Leeds,455123,GB,53.7965,-1.54785,6.71,5.36,8.27,1023,84,10000,1.54,270.0,0.0,0.0,0.0,0.0,802,Clouds,scattered clouds,40,2023-12-14 08:16:35,2023-12-14 15:44:54,1,267.03,0.04,20.39,36.84,3.58,0.61,3.12,10.06
142,2023-12-14 19:30:03,Leeds,455123,GB,53.7965,-1.54785,6.31,5.36,7.97,1024,86,10000,1.03,0.0,0.0,0.0,0.0,0.0,802,Clouds,scattered clouds,40,2023-12-14 08:16:35,2023-12-14 15:44:54,1,267.03,0.03,19.71,37.55,3.82,0.61,3.28,10.21
143,2023-12-14 20:00:03,Leeds,455123,GB,53.7965,-1.54785,6.71,4.88,8.27,1024,85,10000,2.57,260.0,0.0,0.0,0.0,0.0,802,Clouds,scattered clouds,40,2023-12-14 08:16:35,2023-12-14 15:44:54,1,267.03,0.03,19.71,37.55,3.82,0.61,3.28,10.21
144,2023-12-14 20:30:03,Leeds,455123,GB,53.7965,-1.54785,6.32,5.36,8.12,1024,87,10000,2.06,260.0,0.0,0.0,0.0,0.0,802,Clouds,scattered clouds,40,2023-12-14 08:16:35,2023-12-14 15:44:54,1,263.69,0.02,17.82,39.7,3.73,0.59,3.23,9.62
145,2023-12-14 21:00:04,Leeds,455123,GB,53.7965,-1.54785,6.15,5.23,7.99,1025,87,10000,0.51,0.0,0.0,0.0,0.0,0.0,802,Clouds,scattered clouds,40,2023-12-14 08:16:37,2023-12-14 15:44:52,1,263.69,0.02,17.82,39.7,3.73,0.59,3.23,9.62
146,2023-12-14 21:30:03,Leeds,455123,GB,53.7965,-1.54785,6.74,5.47,7.96,1024,84,10000,0.51,0.0,0.0,0.0,0.0,0.0,802,Clouds,scattered clouds,40,2023-12-14 08:16:35,2023-12-14 15:44:54,1,263.69,0.02,16.45,41.84,3.64,0.59,3.02,8.54
147,2023-12-14 22:00:03,Leeds,455123,GB,53.7965,-1.54785,5.3,2.88,7.56,1025,89,10000,2.06,230.0,0.0,0.0,0.0,0.0,802,Clouds,scattered clouds,40,2023-12-14 08:16:35,2023-12-14 15:44:54,1,263.69,0.02,16.45,41.84,3.64,0.59,3.02,8.54
148,2023-12-14 22:30:03,Leeds,455123,GB,53.7965,-1.54785,6.26,4.87,7.82,1024,85,10000,4.12,250.0,0.0,0.0,0.0,0.0,802,Clouds,scattered clouds,40,2023-12-14 08:16:36,2023-12-14 15:44:54,1,257.02,0.01,14.05,45.06,3.25,0.55,2.58,7.11
149,2023-12-14 23:00:03,Leeds,455123,GB,53.7965,-1.54785,5.8,4.82,7.83,1025,85,10000,3.09,240.0,0.0,0.0,0.0,0.0,802,Clouds,scattered clouds,40,2023-12-14 08:16:35,2023-12-14 15:44:54,1,257.02,0.01,14.05,45.06,3.25,0.55,2.58,7.11
150,2023-12-14 23:30:03,Leeds,455123,GB,53.7965,-1.54785,5.39,4.26,7.56,1027,84,10000,2.48,253.0,0.0,0.0,0.0,0.0,803,Clouds,broken clouds,83,2023-12-14 08:16:35,2023-12-14 15:44:54,1,250.34,0.0,9.68,50.78,2.44,0.5,2.03,5.82
151,2023-12-15 00:00:03,Leeds,455123,GB,53.7965,-1.54785,5.86,4.82,7.56,1027,85,10000,2.78,252.0,0.0,0.0,0.0,0.0,804,Clouds,overcast clouds,94,2023-12-15 08:17:30,2023-12-15 15:44:55,1,250.34,0.0,9.68,50.78,2.44,0.5,2.03,5.82
152,2023-12-15 00:30:03,Leeds,455123,GB,53.7965,-1.54785,6.34,5.47,7.56,1027,83,10000,2.78,252.0,0.0,0.0,0.0,0.0,804,Clouds,overcast clouds,94,2023-12-15 08:17:32,2023-12-15 15:44:54,1,247.0,0.0,6.34,56.51,1.97,0.45,1.66,5.17
153,2023-12-15 01:00:03,Leeds,455123,GB,53.7965,-1.54785,5.65,3.88,7.71,1028,87,10000,3.32,259.0,0.0,0.0,0.0,0.0,804,Clouds,overcast clouds,100,2023-12-15 08:17:30,2023-12-15 15:44:55,1,247.0,0.0,6.34,56.51,1.97,0.45,1.66,5.17
154,2023-12-15 01:30:03,Leeds,455123,GB,53.7965,-1.54785,5.42,4.26,7.71,1028,88,10000,3.32,259.0,0.0,0.0,0.0,0.0,804,Clouds,overcast clouds,100,2023-12-15 08:17:30,2023-12-15 15:44:55,1,247.0,0.0,6.34,56.51,1.97,0.45,1.66,5.17
155,2023-12-15 02:00:03,Leeds,455123,GB,53.7965,-1.54785,5.77,4.26,8.27,1028,88,10000,3.46,260.0,0.0,0.0,0.0,0.0,804,Clouds,overcast clouds,100,2023-12-15 08:17:30,2023-12-15 15:44:55,2,243.66,0.0,5.01,60.08,1.77,0.42,1.49,4.82
156,2023-12-15 02:30:02,Leeds,455123,GB,53.7965,-1.54785,5.52,3.88,8.12,1028,89,10000,3.46,260.0,0.0,0.0,0.0,0.0,804,Clouds,overcast clouds,100,2023-12-15 08:17:30,2023-12-15 15:44:55,2,240.33,0.0,4.37,62.23,1.71,0.4,1.39,4.29
157,2023-12-15 03:00:02,Leeds,455123,GB,53.7965,-1.54785,7.22,5.88,7.71,1028,75,10000,3.54,257.0,0.0,0.0,0.0,0.0,804,Clouds,overcast clouds,100,2023-12-15 08:17:30,2023-12-15 15:44:55,2,240.33,0.0,4.37,62.23,1.71,0.4,1.39,4.29
158,2023-12-15 03:30:02,Leeds,455123,GB,53.7965,-1.54785,5.06,3.69,8.27,1028,93,10000,3.54,257.0,0.0,0.0,0.0,0.0,804,Clouds,overcast clouds,100,2023-12-15 08:17:30,2023-12-15 15:44:55,2,240.33,0.0,4.33,62.94,1.7,0.39,1.41,4.02
159,2023-12-15 04:00:02,Leeds,455123,GB,53.7965,-1.54785,5.83,4.25,8.12,1029,89,10000,3.49,262.0,0.0,0.0,0.0,0.0,804,Clouds,overcast clouds,98,2023-12-15 08:17:31,2023-12-15 15:44:55,2,240.33,0.0,4.33,62.94,1.7,0.39,1.41,4.02
160,2023-12-15 04:30:02,Leeds,455123,GB,53.7965,-1.54785,5.46,4.23,7.99,1029,90,10000,3.47,261.0,0.0,0.0,0.0,0.0,804,Clouds,overcast clouds,98,2023-12-15 08:17:32,2023-12-15 15:44:53,2,240.33,0.0,4.97,62.23,1.77,0.4,1.47,3.93
161,2023-12-15 05:00:02,Leeds,455123,GB,53.7965,-1.54785,6.04,4.81,7.71,1030,90,10000,3.17,263.0,0.0,0.0,0.0,0.0,804,Clouds,overcast clouds,98,2023-12-15 08:17:31,2023-12-15 15:44:55,2,240.33,0.0,4.97,62.23,1.77,0.4,1.47,3.93
162,2023-12-15 05:30:02,Leeds,455123,GB,53.7965,-1.54785,5.93,4.26,8.27,1028,88,10000,2.57,230.0,0.0,0.0,0.0,0.0,801,Clouds,few clouds,20,2023-12-15 08:17:30,2023-12-15 15:44:55,2,243.66,0.0,6.77,60.08,2.09,0.45,1.55,4.24
163,2023-12-15 06:00:02,Leeds,455123,GB,53.7965,-1.54785,4.9,3.25,8.27,1029,90,10000,4.63,240.0,0.0,0.0,0.0,0.0,801,Clouds,few clouds,20,2023-12-15 08:17:32,2023-12-15 15:44:54,2,243.66,0.0,6.77,60.08,2.09,0.45,1.55,4.24
164,2023-12-15 06:30:02,Leeds,455123,GB,53.7965,-1.54785,6.04,3.71,8.02,1028,83,10000,4.12,230.0,0.0,0.0,0.0,0.0,801,Clouds,few clouds,20,2023-12-15 08:17:30,2023-12-15 15:44:55,1,257.02,0.01,15.25,50.78,3.22,0.56,2.07,5.32
165,2023-12-15 07:00:02,Leeds,455123,GB,53.7965,-1.54785,5.95,4.26,7.71,1029,85,10000,2.06,210.0,0.0,0.0,0.0,0.0,802,Clouds,scattered clouds,40,2023-12-15 08:17:30,2023-12-15 15:44:55,1,257.02,0.01,15.25,50.78,3.22,0.56,2.07,5.32
166,2023-12-15 07:30:02,Leeds,455123,GB,53.7965,-1.54785,5.89,3.88,8.02,1030,87,10000,3.6,240.0,0.0,0.0,0.0,0.0,803,Clouds,broken clouds,75,2023-12-15 08:17:30,2023-12-15 15:44:55,1,270.37,0.05,26.73,39.7,4.17,0.64,2.8,6.54
167,2023-12-15 08:00:02,Leeds,455123,GB,53.7965,-1.54785,6.25,4.8,8.27,1031,87,10000,5.66,260.0,0.0,0.0,0.0,0.0,803,Clouds,broken clouds,75,2023-12-15 08:17:31,2023-12-15 15:44:55,1,270.37,0.05,26.73,39.7,4.17,0.64,2.8,6.54
168,2023-12-15 08:30:02,Leeds,455123,GB,53.7965,-1.54785,6.06,4.8,8.27,1031,88,10000,3.09,230.0,0.0,0.0,0.0,0.0,802,Clouds,scattered clouds,40,2023-12-15 08:17:30,2023-12-15 15:44:55,1,277.04,0.14,33.59,30.4,5.19,0.63,3.11,6.12
169,2023-12-15 09:00:02,Leeds,455123,GB,53.7965,-1.54785,6.21,5.29,8.2,1031,89,10000,4.12,250.0,0.0,0.0,0.0,0.0,802,Clouds,scattered clouds,40,2023-12-15 08:17:31,2023-12-15 15:44:53,1,277.04,0.14,33.59,30.4,5.19,0.63,3.11,6.12
170,2023-12-15 09:30:03,Leeds,455123,GB,53.7965,-1.54785,6.97,6.03,8.01,1032,86,10000,5.14,250.0,0.0,0.0,0.0,0.0,802,Clouds,scattered clouds,40,2023-12-15 08:17:32,2023-12-15 15:44:53,1,280.38,0.37,32.22,31.11,5.42,0.59,3.26,6.66
171,2023-12-15 10:00:02,Leeds,455123,GB,53.7965,-1.54785,7.65,6.58,8.53,1032,86,10000,3.6,240.0,0.0,0.0,0.0,0.0,802,Clouds,scattered clouds,40,2023-12-15 08:17:30,2023-12-15 15:44:55,1,280.38,0.37,32.22,31.11,5.42,0.59,3.26,6.66
172,2023-12-15 10:30:02,Leeds,455123,GB,53.7965,-1.54785,7.97,7.14,9.0,1032,84,10000,5.14,240.0,0.0,0.0,0.0,0.0,802,Clouds,scattered clouds,40,2023-12-15 08:17:32,2023-12-15 15:44:54,1,273.71,0.67,28.1,35.05,5.25,0.52,3.14,6.5
173,2023-12-15 11:00:02,Leeds,455123,GB,53.7965,-1.54785,8.21,7.56,9.0,1033,84,10000,5.14,250.0,0.0,0.0,0.0,0.0,802,Clouds,scattered clouds,40,2023-12-15 08:17:32,2023-12-15 15:44:53,1,273.71,0.67,28.1,35.05,5.25,0.52,3.14,6.5
174,2023-12-15 11:30:02,Leeds,455123,GB,53.7965,-1.54785,8.54,7.56,9.08,1033,82,10000,5.66,260.0,0.0,0.0,0.0,0.0,803,Clouds,broken clouds,75,2023-12-15 08:17:30,2023-12-15 15:44:55,1,267.03,0.52,21.59,41.49,4.77,0.46,2.78,6.43
175,2023-12-15 12:00:02,Leeds,455123,GB,53.7965,-1.54785,8.61,7.58,9.64,1033,81,10000,5.66,260.0,0.0,0.0,0.0,0.0,803,Clouds,broken clouds,75,2023-12-15 08:17:32,2023-12-15 15:44:55,1,267.03,0.52,21.59,41.49,4.77,0.46,2.78,6.43
176,2023-12-15 12:30:02,Leeds,455123,GB,53.7965,-1.54785,8.49,7.88,9.63,1033,81,10000,4.63,250.0,0.0,0.0,0.0,0.0,803,Clouds,broken clouds,75,2023-12-15 08:17:30,2023-12-15 15:44:55,1,247.0,0.08,8.05,55.08,1.73,0.78,1.82,4.61
177,2023-12-15 13:00:02,Leeds,455123,GB,53.7965,-1.54785,8.82,7.87,9.62,1033,80,10000,6.17,250.0,0.0,0.0,0.0,0.0,802,Clouds,scattered clouds,40,2023-12-15 08:17:32,2023-12-15 15:44:53,1,253.68,0.2,12.34,55.08,3.61,0.38,2.18,6.56
178,2023-12-15 13:30:02,Leeds,455123,GB,53.7965,-1.54785,8.82,8.38,9.64,1033,80,10000,6.17,240.0,0.0,0.0,0.0,0.0,802,Clouds,scattered clouds,40,2023-12-15 08:17:30,2023-12-15 15:44:55,1,253.68,0.13,12.85,56.51,3.7,0.39,2.13,6.83
179,2023-12-15 14:00:02,Leeds,455123,GB,53.7965,-1.54785,8.83,8.54,9.5,1033,79,10000,6.69,250.0,0.0,0.0,0.0,0.0,803,Clouds,broken clouds,75,2023-12-15 08:17:33,2023-12-15 15:44:53,1,253.68,0.13,12.85,56.51,3.7,0.39,2.13,6.83
180,2023-12-15 14:30:02,Leeds,455123,GB,53.7965,-1.54785,8.9,8.67,9.63,1033,78,10000,5.14,230.0,0.0,0.0,0.0,0.0,802,Clouds,scattered clouds,40,2023-12-15 08:17:30,2023-12-15 15:44:55,1,257.02,0.06,14.91,58.65,4.23,0.4,2.17,6.62
181,2023-12-15 15:00:02,Leeds,455123,GB,53.7965,-1.54785,8.9,8.5,9.63,1033,78,10000,4.12,240.0,0.0,0.0,0.0,0.0,802,Clouds,scattered clouds,40,2023-12-15 08:17:30,2023-12-15 15:44:55,1,257.02,0.06,14.91,58.65,4.23,0.4,2.17,6.62
182,2023-12-15 15:30:02,Leeds,455123,GB,53.7965,-1.54785,8.99,8.49,9.62,1033,78,10000,6.69,250.0,0.0,0.0,0.0,0.0,802,Clouds,scattered clouds,40,2023-12-15 08:17:32,2023-12-15 15:44:54,1,257.02,0.01,17.65,58.65,4.89,0.42,2.25,6.3
183,2023-12-15 16:00:02,Leeds,455123,GB,53.7965,-1.54785,8.68,8.12,9.38,1033,78,10000,6.17,240.0,0.0,0.0,0.0,0.0,802,Clouds,scattered clouds,40,2023-12-15 08:17:30,2023-12-15 15:44:55,1,257.02,0.01,17.65,58.65,4.89,0.42,2.25,6.3
184,2023-12-15 16:30:02,Leeds,455123,GB,53.7965,-1.54785,8.24,7.93,8.93,1033,79,10000,5.14,200.0,0.0,0.0,0.0,0.0,802,Clouds,scattered clouds,40,2023-12-15 08:17:31,2023-12-15 15:44:54,1,257.02,0.0,21.59,55.08,5.54,0.44,2.44,6.1
185,2023-12-15 17:00:02,Leeds,455123,GB,53.7965,-1.54785,8.04,7.56,8.88,1033,79,10000,4.12,210.0,0.0,0.0,0.0,0.0,801,Clouds,few clouds,20,2023-12-15 08:17:30,2023-12-15 15:44:55,1,257.02,0.0,21.59,55.08,5.54,0.44,2.44,6.1
186,2023-12-15 17:30:02,Leeds,455123,GB,53.7965,-1.54785,8.18,7.56,9.0,1033,79,10000,5.66,220.0,0.0,0.0,0.0,0.0,802,Clouds,scattered clouds,40,2023-12-15 08:17:32,2023-12-15 15:44:54,1,260.35,0.0,23.99,51.5,6.08,0.45,2.66,6.01
187,2023-12-15 18:00:02,Leeds,455123,GB,53.7965,-1.54785,8.41,7.56,9.01,1033,78,10000,5.66,220.0,0.0,0.0,0.0,0.0,802,Clouds,scattered clouds,40,2023-12-15 08:17:31,2023-12-15 15:44:55,1,260.35,0.0,23.99,51.5,6.08,0.45,2.66,6.01
188,2023-12-15 18:30:02,Leeds,455123,GB,53.7965,-1.54785,8.42,7.6,9.38,1033,78,10000,6.69,230.0,0.0,0.0,0.0,0.0,803,Clouds,broken clouds,75,2023-12-15 08:17:30,2023-12-15 15:44:55,1,260.35,0.0,23.31,52.21,6.26,0.43,2.75,5.9
189,2023-12-15 19:00:02,Leeds,455123,GB,53.7965,-1.54785,8.59,7.83,9.38,1033,82,10000,6.17,220.0,0.0,0.0,0.0,0.0,802,Clouds,scattered clouds,40,2023-12-15 08:17:30,2023-12-15 15:44:55,1,260.35,0.0,23.31,52.21,6.26,0.43,2.75,5.9
190,2023-12-15 19:30:02,Leeds,455123,GB,53.7965,-1.54785,8.72,7.94,9.38,1033,83,10000,6.17,210.0,0.0,0.0,0.0,0.0,802,Clouds,scattered clouds,40,2023-12-15 08:17:30,2023-12-15 15:44:55,1,257.02,0.0,20.05,54.36,5.96,0.38,2.71,5.55
191,2023-12-15 20:00:02,Leeds,455123,GB,53.7965,-1.54785,8.83,7.83,9.38,1032,82,10000,5.66,210.0,0.0,0.0,0.0,0.0,803,Clouds,broken clouds,75,2023-12-15 08:17:30,2023-12-15 15:44:55,1,257.02,0.0,20.05,54.36,5.96,0.38,2.71,5.55
192,2023-12-15 20:30:02,Leeds,455123,GB,53.7965,-1.54785,8.9,7.42,10.12,1032,83,10000,5.66,220.0,0.0,0.0,0.0,0.0,803,Clouds,broken clouds,75,2023-12-15 08:17:30,2023-12-15 15:44:55,1,253.68,0.0,17.48,52.93,5.48,0.35,2.73,5.4
193,2023-12-15 21:00:02,Leeds,455123,GB,53.7965,-1.54785,8.91,8.37,10.11,1033,87,10000,5.66,240.0,0.0,0.0,0.0,0.0,803,Clouds,broken clouds,75,2023-12-15 08:17:31,2023-12-15 15:44:55,1,253.68,0.0,17.48,52.93,5.48,0.35,2.73,5.4
194,2023-12-15 21:30:02,Leeds,455123,GB,53.7965,-1.54785,9.59,8.39,10.03,1033,86,10000,2.57,240.0,0.0,0.0,0.0,0.0,803,Clouds,broken clouds,75,2023-12-15 08:17:32,2023-12-15 15:44:55,1,250.34,0.0,15.25,51.5,4.83,0.33,2.66,4.82
195,2023-12-15 22:00:02,Leeds,455123,GB,53.7965,-1.54785,9.97,9.78,10.88,1033,93,10000,3.09,240.0,0.0,0.0,0.0,0.0,803,Clouds,broken clouds,75,2023-12-15 08:17:30,2023-12-15 15:44:55,1,250.34,0.0,15.25,51.5,4.83,0.33,2.66,4.82
196,2023-12-15 22:30:03,Leeds,455123,GB,53.7965,-1.54785,9.66,9.25,10.88,1033,89,10000,8.75,270.0,0.0,0.0,0.0,0.0,803,Clouds,broken clouds,75,2023-12-15 08:17:30,2023-12-15 15:44:55,1,247.0,0.0,12.51,52.21,3.93,0.31,2.28,3.78
197,2023-12-15 23:00:02,Leeds,455123,GB,53.7965,-1.54785,9.76,9.05,10.88,1033,90,6000,7.2,270.0,0.0,0.0,0.0,0.0,803,Clouds,broken clouds,75,2023-12-15 08:17:30,2023-12-15 15:44:55,1,247.0,0.0,12.51,52.21,3.93,0.31,2.28,3.78
198,2023-12-15 23:30:02,Leeds,455123,GB,53.7965,-1.54785,9.83,9.05,10.49,1033,91,4000,5.66,250.0,0.0,0.0,0.0,0.0,701,Mist,mist,75,2023-12-15 08:17:30,2023-12-15 15:44:55,1,247.0,0.0,12.51,52.21,3.93,0.31,2.28,3.78
199,2023-12-16 00:00:02,Leeds,455123,GB,53.7965,-1.54785,9.69,9.04,10.87,1033,90,10000,0.45,183.0,0.0,0.0,0.0,0.0,804,Clouds,overcast clouds,100,2023-12-15 08:17:31,2023-12-15 15:44:55,1,240.33,0.0,8.14,58.65,2.8,0.27,1.77,3.06
200,2023-12-16 00:30:02,Leeds,455123,GB,53.7965,-1.54785,10.31,8.53,11.88,1033,87,10000,5.68,247.0,0.0,0.0,0.0,0.0,804,Clouds,overcast clouds,100,2023-12-16 08:18:21,2023-12-16 15:44:59,2,230.31,0.0,4.37,67.95,1.68,0.21,1.5,2.88
